state,district,year,month,rain
Maharashtra,Akola,2020,January,15.8
Maharashtra,Akola,2020,February,0
Maharashtra,Akola,2020,March,3.3
Maharashtra,Akola,2020,April,0
Maharashtra,Akola,2020,May,41.5
Maharashtra,Akola,2020,June,65.9
Maharashtra,Akola,2020,July,154.8
Maharashtra,Akola,2020,August,104
Maharashtra,Akola,2020,September,74
Maharashtra,Akola,2020,October,23.1
Maharashtra,Akola,2020,November,31
Maharashtra,Akola,2020,December,0
Maharashtra,Akola,2019,January,35.5
Maharashtra,Akola,2019,February,6.4
Maharashtra,Akola,2019,March,27.6
Maharashtra,Akola,2019,April,5.4
Maharashtra,Akola,2019,May,2.9
Maharashtra,Akola,2019,June,36.2
Maharashtra,Akola,2019,July,251.8
Maharashtra,Akola,2019,August,249.8
Maharashtra,Akola,2019,September,224.3
Maharashtra,Akola,2019,October,49.9
Maharashtra,Akola,2019,November,0
Maharashtra,Akola,2019,December,0
Maharashtra,Akola,2018,January,0
Maharashtra,Akola,2018,February,0
Maharashtra,Akola,2018,March,144.2
Maharashtra,Akola,2018,April,0
Maharashtra,Akola,2018,May,56
Maharashtra,Akola,2018,June,103.1
Maharashtra,Akola,2018,July,261.1
Maharashtra,Akola,2018,August,368.7
Maharashtra,Akola,2018,September,205.8
Maharashtra,Akola,2018,October,47.7
Maharashtra,Akola,2018,November,8.7
Maharashtra,Akola,2018,December,0
Maharashtra,Akola,2017,January,0
Maharashtra,Akola,2017,February,0
Maharashtra,Akola,2017,March,0
Maharashtra,Akola,2017,April,12
Maharashtra,Akola,2017,May,0
Maharashtra,Akola,2017,June,130.9
Maharashtra,Akola,2017,July,321.5
Maharashtra,Akola,2017,August,228
Maharashtra,Akola,2017,September,218.2
Maharashtra,Akola,2017,October,0
Maharashtra,Akola,2017,November,4.6
Maharashtra,Akola,2017,December,0
Maharashtra,Akola,2014,January,14.3
Maharashtra,Akola,2014,February,0
Maharashtra,Akola,2014,March,29
Maharashtra,Akola,2014,April,0
Maharashtra,Akola,2014,May,0
Maharashtra,Akola,2014,June,79.5
Maharashtra,Akola,2014,July,124.8
Maharashtra,Akola,2014,August,115.9
Maharashtra,Akola,2014,September,217
Maharashtra,Akola,2014,October,9.9
Maharashtra,Akola,2014,November,3
Maharashtra,Akola,2014,December,0
Maharashtra,Akola,2015,January,0
Maharashtra,Akola,2015,February,0
Maharashtra,Akola,2015,March,6.5
Maharashtra,Akola,2015,April,0.2
Maharashtra,Akola,2015,May,44.8
Maharashtra,Akola,2015,June,81
Maharashtra,Akola,2015,July,249.2
Maharashtra,Akola,2015,August,171.6
Maharashtra,Akola,2015,September,86.2
Maharashtra,Akola,2015,October,43.9
Maharashtra,Akola,2015,November,111.9
Maharashtra,Akola,2015,December,8.7
Maharashtra,Akola,2016,January,29.6
Maharashtra,Akola,2016,February,2
Maharashtra,Akola,2016,March,11.5
Maharashtra,Akola,2016,April,1
Maharashtra,Akola,2016,May,0.5
Maharashtra,Akola,2016,June,100
Maharashtra,Akola,2016,July,354.6
Maharashtra,Akola,2016,August,263.9
Maharashtra,Akola,2016,September,82.1
Maharashtra,Akola,2016,October,51.4
Maharashtra,Akola,2016,November,46.7
Maharashtra,Akola,2016,December,0
Maharashtra,Amraoti,2020,January,18.7
Maharashtra,Amraoti,2020,February,0
Maharashtra,Amraoti,2020,March,0
Maharashtra,Amraoti,2020,April,0
Maharashtra,Amraoti,2020,May,9.3
Maharashtra,Amraoti,2020,June,90
Maharashtra,Amraoti,2020,July,161.3
Maharashtra,Amraoti,2020,August,230.2
Maharashtra,Amraoti,2020,September,80
Maharashtra,Amraoti,2020,October,34.9
Maharashtra,Amraoti,2020,November,29
Maharashtra,Amraoti,2020,December,0
Maharashtra,Amraoti,2019,January,10.7
Maharashtra,Amraoti,2019,February,6.4
Maharashtra,Amraoti,2019,March,32.3
Maharashtra,Amraoti,2019,April,11.5
Maharashtra,Amraoti,2019,May,0
Maharashtra,Amraoti,2019,June,96.6
Maharashtra,Amraoti,2019,July,250.1
Maharashtra,Amraoti,2019,August,183.5
Maharashtra,Amraoti,2019,September,232.1
Maharashtra,Amraoti,2019,October,61.3
Maharashtra,Amraoti,2019,November,0
Maharashtra,Amraoti,2019,December,0
Maharashtra,Amraoti,2018,January,0
Maharashtra,Amraoti,2018,February,0
Maharashtra,Amraoti,2018,March,118.8
Maharashtra,Amraoti,2018,April,23.4
Maharashtra,Amraoti,2018,May,23
Maharashtra,Amraoti,2018,June,66.7
Maharashtra,Amraoti,2018,July,260.8
Maharashtra,Amraoti,2018,August,327.6
Maharashtra,Amraoti,2018,September,138.1
Maharashtra,Amraoti,2018,October,43.9
Maharashtra,Amraoti,2018,November,4.7
Maharashtra,Amraoti,2018,December,0
Maharashtra,Amraoti,2017,January,0
Maharashtra,Amraoti,2017,February,4.2
Maharashtra,Amraoti,2017,March,13.4
Maharashtra,Amraoti,2017,April,3.6
Maharashtra,Amraoti,2017,May,16
Maharashtra,Amraoti,2017,June,214.3
Maharashtra,Amraoti,2017,July,357.8
Maharashtra,Amraoti,2017,August,261.3
Maharashtra,Amraoti,2017,September,227.1
Maharashtra,Amraoti,2017,October,0
Maharashtra,Amraoti,2017,November,0
Maharashtra,Amraoti,2017,December,0
Maharashtra,Amraoti,2014,January,0
Maharashtra,Amraoti,2014,February,0
Maharashtra,Amraoti,2014,March,8
Maharashtra,Amraoti,2014,April,9
Maharashtra,Amraoti,2014,May,2
Maharashtra,Amraoti,2014,June,75
Maharashtra,Amraoti,2014,July,173.4
Maharashtra,Amraoti,2014,August,128.9
Maharashtra,Amraoti,2014,September,170.8
Maharashtra,Amraoti,2014,October,28.8
Maharashtra,Amraoti,2014,November,5
Maharashtra,Amraoti,2014,December,0
Maharashtra,Amraoti,2015,January,0
Maharashtra,Amraoti,2015,February,0
Maharashtra,Amraoti,2015,March,0
Maharashtra,Amraoti,2015,April,0
Maharashtra,Amraoti,2015,May,6
Maharashtra,Amraoti,2015,June,70.5
Maharashtra,Amraoti,2015,July,301.7
Maharashtra,Amraoti,2015,August,110.6
Maharashtra,Amraoti,2015,September,87.5
Maharashtra,Amraoti,2015,October,37.9
Maharashtra,Amraoti,2015,November,77.8
Maharashtra,Amraoti,2015,December,6
Maharashtra,Amraoti,2016,January,19.9
Maharashtra,Amraoti,2016,February,3
Maharashtra,Amraoti,2016,March,15.8
Maharashtra,Amraoti,2016,April,0
Maharashtra,Amraoti,2016,May,0
Maharashtra,Amraoti,2016,June,125.9
Maharashtra,Amraoti,2016,July,365.3
Maharashtra,Amraoti,2016,August,371.9
Maharashtra,Amraoti,2016,September,123.6
Maharashtra,Amraoti,2016,October,60.6
Maharashtra,Amraoti,2016,November,15.4
Maharashtra,Amraoti,2016,December,0
Maharashtra,Aurangabad,2020,January,1.1
Maharashtra,Aurangabad,2020,February,0
Maharashtra,Aurangabad,2020,March,0
Maharashtra,Aurangabad,2020,April,0
Maharashtra,Aurangabad,2020,May,3.7
Maharashtra,Aurangabad,2020,June,97
Maharashtra,Aurangabad,2020,July,190.9
Maharashtra,Aurangabad,2020,August,99.3
Maharashtra,Aurangabad,2020,September,250.8
Maharashtra,Aurangabad,2020,October,68.8
Maharashtra,Aurangabad,2020,November,3.4
Maharashtra,Aurangabad,2020,December,0
Maharashtra,Aurangabad,2019,January,0.2
Maharashtra,Aurangabad,2019,February,0.1
Maharashtra,Aurangabad,2019,March,0.9
Maharashtra,Aurangabad,2019,April,0
Maharashtra,Aurangabad,2019,May,1.4
Maharashtra,Aurangabad,2019,June,43
Maharashtra,Aurangabad,2019,July,254.2
Maharashtra,Aurangabad,2019,August,106.3
Maharashtra,Aurangabad,2019,September,224.7
Maharashtra,Aurangabad,2019,October,68.7
Maharashtra,Aurangabad,2019,November,0
Maharashtra,Aurangabad,2019,December,0
Maharashtra,Aurangabad,2018,January,0
Maharashtra,Aurangabad,2018,February,0
Maharashtra,Aurangabad,2018,March,3.2
Maharashtra,Aurangabad,2018,April,0
Maharashtra,Aurangabad,2018,May,15.6
Maharashtra,Aurangabad,2018,June,214.7
Maharashtra,Aurangabad,2018,July,200.7
Maharashtra,Aurangabad,2018,August,282.7
Maharashtra,Aurangabad,2018,September,233
Maharashtra,Aurangabad,2018,October,56.2
Maharashtra,Aurangabad,2018,November,7.8
Maharashtra,Aurangabad,2018,December,0
Maharashtra,Aurangabad,2017,January,0
Maharashtra,Aurangabad,2017,February,0
Maharashtra,Aurangabad,2017,March,0
Maharashtra,Aurangabad,2017,April,1.8
Maharashtra,Aurangabad,2017,May,0
Maharashtra,Aurangabad,2017,June,134.1
Maharashtra,Aurangabad,2017,July,162.8
Maharashtra,Aurangabad,2017,August,123
Maharashtra,Aurangabad,2017,September,156
Maharashtra,Aurangabad,2017,October,0
Maharashtra,Aurangabad,2017,November,9.1
Maharashtra,Aurangabad,2017,December,0
Maharashtra,Aurangabad,2014,January,0
Maharashtra,Aurangabad,2014,February,0
Maharashtra,Aurangabad,2014,March,39
Maharashtra,Aurangabad,2014,April,1.8
Maharashtra,Aurangabad,2014,May,0
Maharashtra,Aurangabad,2014,June,73.5
Maharashtra,Aurangabad,2014,July,88
Maharashtra,Aurangabad,2014,August,123.9
Maharashtra,Aurangabad,2014,September,314.4
Maharashtra,Aurangabad,2014,October,40
Maharashtra,Aurangabad,2014,November,3
Maharashtra,Aurangabad,2014,December,0.6
Maharashtra,Aurangabad,2015,January,0
Maharashtra,Aurangabad,2015,February,0
Maharashtra,Aurangabad,2015,March,0.1
Maharashtra,Aurangabad,2015,April,0.5
Maharashtra,Aurangabad,2015,May,14.1
Maharashtra,Aurangabad,2015,June,34.3
Maharashtra,Aurangabad,2015,July,181.3
Maharashtra,Aurangabad,2015,August,129.8
Maharashtra,Aurangabad,2015,September,164.5
Maharashtra,Aurangabad,2015,October,53.4
Maharashtra,Aurangabad,2015,November,162.3
Maharashtra,Aurangabad,2015,December,3.3
Maharashtra,Aurangabad,2016,January,27
Maharashtra,Aurangabad,2016,February,1.6
Maharashtra,Aurangabad,2016,March,19.2
Maharashtra,Aurangabad,2016,April,0
Maharashtra,Aurangabad,2016,May,2.5
Maharashtra,Aurangabad,2016,June,158.6
Maharashtra,Aurangabad,2016,July,246.3
Maharashtra,Aurangabad,2016,August,252.6
Maharashtra,Aurangabad,2016,September,107.4
Maharashtra,Aurangabad,2016,October,45.6
Maharashtra,Aurangabad,2016,November,78
Maharashtra,Aurangabad,2016,December,0
Maharashtra,Beed,2020,January,0
Maharashtra,Beed,2020,February,0
Maharashtra,Beed,2020,March,0
Maharashtra,Beed,2020,April,0
Maharashtra,Beed,2020,May,2.4
Maharashtra,Beed,2020,June,175.8
Maharashtra,Beed,2020,July,204.2
Maharashtra,Beed,2020,August,52.3
Maharashtra,Beed,2020,September,158.8
Maharashtra,Beed,2020,October,68.7
Maharashtra,Beed,2020,November,0
Maharashtra,Beed,2020,December,0
Maharashtra,Beed,2019,January,0
Maharashtra,Beed,2019,February,0
Maharashtra,Beed,2019,March,0
Maharashtra,Beed,2019,April,0
Maharashtra,Beed,2019,May,0
Maharashtra,Beed,2019,June,57.6
Maharashtra,Beed,2019,July,328.8
Maharashtra,Beed,2019,August,63.1
Maharashtra,Beed,2019,September,210.3
Maharashtra,Beed,2019,October,15.3
Maharashtra,Beed,2019,November,0
Maharashtra,Beed,2019,December,0
Maharashtra,Beed,2018,January,0
Maharashtra,Beed,2018,February,0
Maharashtra,Beed,2018,March,0
Maharashtra,Beed,2018,April,0
Maharashtra,Beed,2018,May,0
Maharashtra,Beed,2018,June,83.5
Maharashtra,Beed,2018,July,60.4
Maharashtra,Beed,2018,August,233
Maharashtra,Beed,2018,September,262.1
Maharashtra,Beed,2018,October,57.6
Maharashtra,Beed,2018,November,0
Maharashtra,Beed,2018,December,0
Maharashtra,Beed,2017,January,0
Maharashtra,Beed,2017,February,0
Maharashtra,Beed,2017,March,0
Maharashtra,Beed,2017,April,0
Maharashtra,Beed,2017,May,0
Maharashtra,Beed,2017,June,80.5
Maharashtra,Beed,2017,July,99
Maharashtra,Beed,2017,August,105.7
Maharashtra,Beed,2017,September,284.5
Maharashtra,Beed,2017,October,0
Maharashtra,Beed,2017,November,0
Maharashtra,Beed,2017,December,0
Maharashtra,Beed,2014,January,0
Maharashtra,Beed,2014,February,0
Maharashtra,Beed,2014,March,0
Maharashtra,Beed,2014,April,0
Maharashtra,Beed,2014,May,0
Maharashtra,Beed,2014,June,44.8
Maharashtra,Beed,2014,July,81.3
Maharashtra,Beed,2014,August,164.2
Maharashtra,Beed,2014,September,289.8
Maharashtra,Beed,2014,October,27
Maharashtra,Beed,2014,November,0
Maharashtra,Beed,2014,December,0
Maharashtra,Beed,2015,January,0
Maharashtra,Beed,2015,February,0
Maharashtra,Beed,2015,March,0
Maharashtra,Beed,2015,April,0
Maharashtra,Beed,2015,May,13.8
Maharashtra,Beed,2015,June,84.6
Maharashtra,Beed,2015,July,150.9
Maharashtra,Beed,2015,August,152.7
Maharashtra,Beed,2015,September,230.8
Maharashtra,Beed,2015,October,77.2
Maharashtra,Beed,2015,November,94.2
Maharashtra,Beed,2015,December,21.8
Maharashtra,Beed,2016,January,0
Maharashtra,Beed,2016,February,0
Maharashtra,Beed,2016,March,0
Maharashtra,Beed,2016,April,0
Maharashtra,Beed,2016,May,11.2
Maharashtra,Beed,2016,June,143
Maharashtra,Beed,2016,July,254.2
Maharashtra,Beed,2016,August,235
Maharashtra,Beed,2016,September,166
Maharashtra,Beed,2016,October,94.5
Maharashtra,Beed,2016,November,33
Maharashtra,Beed,2016,December,4.5
Maharashtra,Bhandara,2020,January,51.2
Maharashtra,Bhandara,2020,February,2.1
Maharashtra,Bhandara,2020,March,0
Maharashtra,Bhandara,2020,April,4.6
Maharashtra,Bhandara,2020,May,16.6
Maharashtra,Bhandara,2020,June,126.2
Maharashtra,Bhandara,2020,July,268
Maharashtra,Bhandara,2020,August,218.8
Maharashtra,Bhandara,2020,September,93.8
Maharashtra,Bhandara,2020,October,0.4
Maharashtra,Bhandara,2020,November,0
Maharashtra,Bhandara,2020,December,0
Maharashtra,Bhandara,2019,January,11.5
Maharashtra,Bhandara,2019,February,119.1
Maharashtra,Bhandara,2019,March,2.1
Maharashtra,Bhandara,2019,April,8.1
Maharashtra,Bhandara,2019,May,14.6
Maharashtra,Bhandara,2019,June,253.4
Maharashtra,Bhandara,2019,July,445.7
Maharashtra,Bhandara,2019,August,367.8
Maharashtra,Bhandara,2019,September,457.3
Maharashtra,Bhandara,2019,October,117.9
Maharashtra,Bhandara,2019,November,0
Maharashtra,Bhandara,2019,December,0
Maharashtra,Bhandara,2018,January,0
Maharashtra,Bhandara,2018,February,0
Maharashtra,Bhandara,2018,March,42.3
Maharashtra,Bhandara,2018,April,32.4
Maharashtra,Bhandara,2018,May,40.6
Maharashtra,Bhandara,2018,June,73.1
Maharashtra,Bhandara,2018,July,552.4
Maharashtra,Bhandara,2018,August,413.8
Maharashtra,Bhandara,2018,September,189.7
Maharashtra,Bhandara,2018,October,3
Maharashtra,Bhandara,2018,November,0
Maharashtra,Bhandara,2018,December,0
Maharashtra,Bhandara,2017,January,0
Maharashtra,Bhandara,2017,February,0
Maharashtra,Bhandara,2017,March,0
Maharashtra,Bhandara,2017,April,0
Maharashtra,Bhandara,2017,May,0
Maharashtra,Bhandara,2017,June,250.7
Maharashtra,Bhandara,2017,July,307.3
Maharashtra,Bhandara,2017,August,218.7
Maharashtra,Bhandara,2017,September,212.5
Maharashtra,Bhandara,2017,October,20.1
Maharashtra,Bhandara,2017,November,0
Maharashtra,Bhandara,2017,December,0
Maharashtra,Bhandara,2014,January,0
Maharashtra,Bhandara,2014,February,0
Maharashtra,Bhandara,2014,March,0
Maharashtra,Bhandara,2014,April,0
Maharashtra,Bhandara,2014,May,0
Maharashtra,Bhandara,2014,June,179.1
Maharashtra,Bhandara,2014,July,308.3
Maharashtra,Bhandara,2014,August,295.1
Maharashtra,Bhandara,2014,September,98.3
Maharashtra,Bhandara,2014,October,0.7
Maharashtra,Bhandara,2014,November,0
Maharashtra,Bhandara,2014,December,0
Maharashtra,Bhandara,2015,January,0
Maharashtra,Bhandara,2015,February,0
Maharashtra,Bhandara,2015,March,0
Maharashtra,Bhandara,2015,April,0
Maharashtra,Bhandara,2015,May,0
Maharashtra,Bhandara,2015,June,71.7
Maharashtra,Bhandara,2015,July,481.6
Maharashtra,Bhandara,2015,August,223
Maharashtra,Bhandara,2015,September,133.8
Maharashtra,Bhandara,2015,October,17.9
Maharashtra,Bhandara,2015,November,82.8
Maharashtra,Bhandara,2015,December,10.7
Maharashtra,Bhandara,2016,January,9.1
Maharashtra,Bhandara,2016,February,22
Maharashtra,Bhandara,2016,March,13.8
Maharashtra,Bhandara,2016,April,0
Maharashtra,Bhandara,2016,May,0
Maharashtra,Bhandara,2016,June,164.8
Maharashtra,Bhandara,2016,July,562.2
Maharashtra,Bhandara,2016,August,316.3
Maharashtra,Bhandara,2016,September,317.3
Maharashtra,Bhandara,2016,October,65
Maharashtra,Bhandara,2016,November,45.3
Maharashtra,Bhandara,2016,December,1.8
Maharashtra,Buldana,2020,January,10.8
Maharashtra,Buldana,2020,February,0
Maharashtra,Buldana,2020,March,0
Maharashtra,Buldana,2020,April,0
Maharashtra,Buldana,2020,May,31.7
Maharashtra,Buldana,2020,June,115.1
Maharashtra,Buldana,2020,July,165.3
Maharashtra,Buldana,2020,August,135.2
Maharashtra,Buldana,2020,September,114.6
Maharashtra,Buldana,2020,October,37.3
Maharashtra,Buldana,2020,November,6.3
Maharashtra,Buldana,2020,December,0
Maharashtra,Buldana,2019,January,11.7
Maharashtra,Buldana,2019,February,10.8
Maharashtra,Buldana,2019,March,1
Maharashtra,Buldana,2019,April,10.6
Maharashtra,Buldana,2019,May,0
Maharashtra,Buldana,2019,June,37.7
Maharashtra,Buldana,2019,July,191.4
Maharashtra,Buldana,2019,August,130
Maharashtra,Buldana,2019,September,141.6
Maharashtra,Buldana,2019,October,39.2
Maharashtra,Buldana,2019,November,0
Maharashtra,Buldana,2019,December,0
Maharashtra,Buldana,2018,January,0
Maharashtra,Buldana,2018,February,0
Maharashtra,Buldana,2018,March,78.2
Maharashtra,Buldana,2018,April,0
Maharashtra,Buldana,2018,May,36.3
Maharashtra,Buldana,2018,June,106.7
Maharashtra,Buldana,2018,July,191.5
Maharashtra,Buldana,2018,August,465.5
Maharashtra,Buldana,2018,September,146.6
Maharashtra,Buldana,2018,October,40.1
Maharashtra,Buldana,2018,November,12.9
Maharashtra,Buldana,2018,December,0
Maharashtra,Buldana,2017,January,0
Maharashtra,Buldana,2017,February,0
Maharashtra,Buldana,2017,March,0
Maharashtra,Buldana,2017,April,1
Maharashtra,Buldana,2017,May,0.8
Maharashtra,Buldana,2017,June,96.4
Maharashtra,Buldana,2017,July,238.3
Maharashtra,Buldana,2017,August,174
Maharashtra,Buldana,2017,September,168
Maharashtra,Buldana,2017,October,0
Maharashtra,Buldana,2017,November,0
Maharashtra,Buldana,2017,December,0
Maharashtra,Buldana,2014,January,0
Maharashtra,Buldana,2014,February,0
Maharashtra,Buldana,2014,March,8
Maharashtra,Buldana,2014,April,0
Maharashtra,Buldana,2014,May,0
Maharashtra,Buldana,2014,June,78.7
Maharashtra,Buldana,2014,July,157.4
Maharashtra,Buldana,2014,August,117.4
Maharashtra,Buldana,2014,September,235.5
Maharashtra,Buldana,2014,October,37.2
Maharashtra,Buldana,2014,November,0
Maharashtra,Buldana,2014,December,0
Maharashtra,Buldana,2015,January,0
Maharashtra,Buldana,2015,February,0
Maharashtra,Buldana,2015,March,82
Maharashtra,Buldana,2015,April,0
Maharashtra,Buldana,2015,May,4
Maharashtra,Buldana,2015,June,85
Maharashtra,Buldana,2015,July,235.1
Maharashtra,Buldana,2015,August,172.4
Maharashtra,Buldana,2015,September,60.9
Maharashtra,Buldana,2015,October,79.7
Maharashtra,Buldana,2015,November,110.3
Maharashtra,Buldana,2015,December,11.9
Maharashtra,Buldana,2016,January,10.7
Maharashtra,Buldana,2016,February,2.5
Maharashtra,Buldana,2016,March,13.3
Maharashtra,Buldana,2016,April,0
Maharashtra,Buldana,2016,May,0
Maharashtra,Buldana,2016,June,170.9
Maharashtra,Buldana,2016,July,372.3
Maharashtra,Buldana,2016,August,285.8
Maharashtra,Buldana,2016,September,99.5
Maharashtra,Buldana,2016,October,44.5
Maharashtra,Buldana,2016,November,23.8
Maharashtra,Buldana,2016,December,0
Maharashtra,Chandrapur,2020,January,42.8
Maharashtra,Chandrapur,2020,February,4.3
Maharashtra,Chandrapur,2020,March,0.1
Maharashtra,Chandrapur,2020,April,5.1
Maharashtra,Chandrapur,2020,May,26.3
Maharashtra,Chandrapur,2020,June,127.5
Maharashtra,Chandrapur,2020,July,238.9
Maharashtra,Chandrapur,2020,August,244.4
Maharashtra,Chandrapur,2020,September,114.8
Maharashtra,Chandrapur,2020,October,14.8
Maharashtra,Chandrapur,2020,November,17
Maharashtra,Chandrapur,2020,December,0
Maharashtra,Chandrapur,2019,January,135
Maharashtra,Chandrapur,2019,February,16.9
Maharashtra,Chandrapur,2019,March,11
Maharashtra,Chandrapur,2019,April,11.9
Maharashtra,Chandrapur,2019,May,13.7
Maharashtra,Chandrapur,2019,June,197.1
Maharashtra,Chandrapur,2019,July,529.1
Maharashtra,Chandrapur,2019,August,304.2
Maharashtra,Chandrapur,2019,September,263.6
Maharashtra,Chandrapur,2019,October,107.6
Maharashtra,Chandrapur,2019,November,0
Maharashtra,Chandrapur,2019,December,12.7
Maharashtra,Chandrapur,2018,January,0
Maharashtra,Chandrapur,2018,February,0
Maharashtra,Chandrapur,2018,March,65.3
Maharashtra,Chandrapur,2018,April,49.7
Maharashtra,Chandrapur,2018,May,38.5
Maharashtra,Chandrapur,2018,June,147.6
Maharashtra,Chandrapur,2018,July,455.5
Maharashtra,Chandrapur,2018,August,336.5
Maharashtra,Chandrapur,2018,September,143.3
Maharashtra,Chandrapur,2018,October,27.6
Maharashtra,Chandrapur,2018,November,6.3
Maharashtra,Chandrapur,2018,December,0
Maharashtra,Chandrapur,2017,January,0
Maharashtra,Chandrapur,2017,February,0
Maharashtra,Chandrapur,2017,March,9.8
Maharashtra,Chandrapur,2017,April,22.8
Maharashtra,Chandrapur,2017,May,10.1
Maharashtra,Chandrapur,2017,June,343.1
Maharashtra,Chandrapur,2017,July,339.5
Maharashtra,Chandrapur,2017,August,386.3
Maharashtra,Chandrapur,2017,September,264.1
Maharashtra,Chandrapur,2017,October,73.1
Maharashtra,Chandrapur,2017,November,6.4
Maharashtra,Chandrapur,2017,December,0
Maharashtra,Chandrapur,2014,January,2.6
Maharashtra,Chandrapur,2014,February,12.7
Maharashtra,Chandrapur,2014,March,53.5
Maharashtra,Chandrapur,2014,April,2.9
Maharashtra,Chandrapur,2014,May,3.2
Maharashtra,Chandrapur,2014,June,141.5
Maharashtra,Chandrapur,2014,July,318.2
Maharashtra,Chandrapur,2014,August,398.6
Maharashtra,Chandrapur,2014,September,133.9
Maharashtra,Chandrapur,2014,October,7.3
Maharashtra,Chandrapur,2014,November,0
Maharashtra,Chandrapur,2014,December,0
Maharashtra,Chandrapur,2015,January,0
Maharashtra,Chandrapur,2015,February,0
Maharashtra,Chandrapur,2015,March,1.8
Maharashtra,Chandrapur,2015,April,7.4
Maharashtra,Chandrapur,2015,May,12.9
Maharashtra,Chandrapur,2015,June,64.3
Maharashtra,Chandrapur,2015,July,335.8
Maharashtra,Chandrapur,2015,August,186
Maharashtra,Chandrapur,2015,September,64.8
Maharashtra,Chandrapur,2015,October,49.7
Maharashtra,Chandrapur,2015,November,37.8
Maharashtra,Chandrapur,2015,December,0.6
Maharashtra,Chandrapur,2016,January,8.7
Maharashtra,Chandrapur,2016,February,14.1
Maharashtra,Chandrapur,2016,March,12.7
Maharashtra,Chandrapur,2016,April,4.5
Maharashtra,Chandrapur,2016,May,0
Maharashtra,Chandrapur,2016,June,158.5
Maharashtra,Chandrapur,2016,July,504.8
Maharashtra,Chandrapur,2016,August,485.1
Maharashtra,Chandrapur,2016,September,357.4
Maharashtra,Chandrapur,2016,October,62.4
Maharashtra,Chandrapur,2016,November,42.5
Maharashtra,Chandrapur,2016,December,5.4
Maharashtra,Dhulie,2020,January,0
Maharashtra,Dhulie,2020,February,0
Maharashtra,Dhulie,2020,March,0
Maharashtra,Dhulie,2020,April,0
Maharashtra,Dhulie,2020,May,24.3
Maharashtra,Dhulie,2020,June,140.3
Maharashtra,Dhulie,2020,July,196.2
Maharashtra,Dhulie,2020,August,222.5
Maharashtra,Dhulie,2020,September,138.2
Maharashtra,Dhulie,2020,October,72
Maharashtra,Dhulie,2020,November,0
Maharashtra,Dhulie,2020,December,0
Maharashtra,Dhulie,2019,January,0
Maharashtra,Dhulie,2019,February,0
Maharashtra,Dhulie,2019,March,0
Maharashtra,Dhulie,2019,April,0
Maharashtra,Dhulie,2019,May,0
Maharashtra,Dhulie,2019,June,152.5
Maharashtra,Dhulie,2019,July,133.7
Maharashtra,Dhulie,2019,August,48.1
Maharashtra,Dhulie,2019,September,216
Maharashtra,Dhulie,2019,October,8
Maharashtra,Dhulie,2019,November,0
Maharashtra,Dhulie,2019,December,0
Maharashtra,Dhulie,2018,January,0
Maharashtra,Dhulie,2018,February,0
Maharashtra,Dhulie,2018,March,0
Maharashtra,Dhulie,2018,April,0
Maharashtra,Dhulie,2018,May,0
Maharashtra,Dhulie,2018,June,124
Maharashtra,Dhulie,2018,July,274.8
Maharashtra,Dhulie,2018,August,269.1
Maharashtra,Dhulie,2018,September,231.9
Maharashtra,Dhulie,2018,October,38.3
Maharashtra,Dhulie,2018,November,4.4
Maharashtra,Dhulie,2018,December,0
Maharashtra,Dhulie,2017,January,0
Maharashtra,Dhulie,2017,February,0
Maharashtra,Dhulie,2017,March,0
Maharashtra,Dhulie,2017,April,0
Maharashtra,Dhulie,2017,May,0
Maharashtra,Dhulie,2017,June,117
Maharashtra,Dhulie,2017,July,179.5
Maharashtra,Dhulie,2017,August,127.3
Maharashtra,Dhulie,2017,September,174.3
Maharashtra,Dhulie,2017,October,0
Maharashtra,Dhulie,2017,November,0
Maharashtra,Dhulie,2017,December,0
Maharashtra,Dhulie,2014,January,0
Maharashtra,Dhulie,2014,February,0
Maharashtra,Dhulie,2014,March,0
Maharashtra,Dhulie,2014,April,0
Maharashtra,Dhulie,2014,May,0
Maharashtra,Dhulie,2014,June,19.5
Maharashtra,Dhulie,2014,July,153.3
Maharashtra,Dhulie,2014,August,80
Maharashtra,Dhulie,2014,September,211
Maharashtra,Dhulie,2014,October,8.3
Maharashtra,Dhulie,2014,November,0
Maharashtra,Dhulie,2014,December,0
Maharashtra,Dhulie,2015,January,0
Maharashtra,Dhulie,2015,February,0
Maharashtra,Dhulie,2015,March,0
Maharashtra,Dhulie,2015,April,0
Maharashtra,Dhulie,2015,May,0
Maharashtra,Dhulie,2015,June,60.8
Maharashtra,Dhulie,2015,July,187.3
Maharashtra,Dhulie,2015,August,113.3
Maharashtra,Dhulie,2015,September,155.3
Maharashtra,Dhulie,2015,October,49
Maharashtra,Dhulie,2015,November,87.5
Maharashtra,Dhulie,2015,December,19.8
Maharashtra,Dhulie,2016,January,0
Maharashtra,Dhulie,2016,February,0
Maharashtra,Dhulie,2016,March,1
Maharashtra,Dhulie,2016,April,0
Maharashtra,Dhulie,2016,May,8.3
Maharashtra,Dhulie,2016,June,80.8
Maharashtra,Dhulie,2016,July,201.3
Maharashtra,Dhulie,2016,August,167.3
Maharashtra,Dhulie,2016,September,59
Maharashtra,Dhulie,2016,October,41
Maharashtra,Dhulie,2016,November,81.2
Maharashtra,Dhulie,2016,December,0
Maharashtra,Gadchiroli,2020,January,72.2
Maharashtra,Gadchiroli,2020,February,12.3
Maharashtra,Gadchiroli,2020,March,0
Maharashtra,Gadchiroli,2020,April,24.2
Maharashtra,Gadchiroli,2020,May,2.5
Maharashtra,Gadchiroli,2020,June,177.5
Maharashtra,Gadchiroli,2020,July,282.8
Maharashtra,Gadchiroli,2020,August,429.7
Maharashtra,Gadchiroli,2020,September,82
Maharashtra,Gadchiroli,2020,October,19.3
Maharashtra,Gadchiroli,2020,November,3.2
Maharashtra,Gadchiroli,2020,December,0
Maharashtra,Gadchiroli,2019,January,89.3
Maharashtra,Gadchiroli,2019,February,37.4
Maharashtra,Gadchiroli,2019,March,13.7
Maharashtra,Gadchiroli,2019,April,12
Maharashtra,Gadchiroli,2019,May,14.2
Maharashtra,Gadchiroli,2019,June,218.1
Maharashtra,Gadchiroli,2019,July,463.8
Maharashtra,Gadchiroli,2019,August,336.7
Maharashtra,Gadchiroli,2019,September,290.2
Maharashtra,Gadchiroli,2019,October,130.7
Maharashtra,Gadchiroli,2019,November,0
Maharashtra,Gadchiroli,2019,December,1.3
Maharashtra,Gadchiroli,2018,January,0
Maharashtra,Gadchiroli,2018,February,0
Maharashtra,Gadchiroli,2018,March,53.5
Maharashtra,Gadchiroli,2018,April,55.2
Maharashtra,Gadchiroli,2018,May,40
Maharashtra,Gadchiroli,2018,June,124.5
Maharashtra,Gadchiroli,2018,July,499.9
Maharashtra,Gadchiroli,2018,August,536.3
Maharashtra,Gadchiroli,2018,September,415.5
Maharashtra,Gadchiroli,2018,October,27.2
Maharashtra,Gadchiroli,2018,November,38.2
Maharashtra,Gadchiroli,2018,December,0
Maharashtra,Gadchiroli,2017,January,0
Maharashtra,Gadchiroli,2017,February,1.3
Maharashtra,Gadchiroli,2017,March,12
Maharashtra,Gadchiroli,2017,April,21.5
Maharashtra,Gadchiroli,2017,May,0
Maharashtra,Gadchiroli,2017,June,351.4
Maharashtra,Gadchiroli,2017,July,351.3
Maharashtra,Gadchiroli,2017,August,445.2
Maharashtra,Gadchiroli,2017,September,321.5
Maharashtra,Gadchiroli,2017,October,87.5
Maharashtra,Gadchiroli,2017,November,0
Maharashtra,Gadchiroli,2017,December,0
Maharashtra,Gadchiroli,2014,January,0
Maharashtra,Gadchiroli,2014,February,0
Maharashtra,Gadchiroli,2014,March,74.2
Maharashtra,Gadchiroli,2014,April,7.2
Maharashtra,Gadchiroli,2014,May,9.2
Maharashtra,Gadchiroli,2014,June,223.9
Maharashtra,Gadchiroli,2014,July,391.5
Maharashtra,Gadchiroli,2014,August,433.1
Maharashtra,Gadchiroli,2014,September,117.7
Maharashtra,Gadchiroli,2014,October,2.3
Maharashtra,Gadchiroli,2014,November,0
Maharashtra,Gadchiroli,2014,December,0
Maharashtra,Gadchiroli,2015,January,0
Maharashtra,Gadchiroli,2015,February,0
Maharashtra,Gadchiroli,2015,March,0
Maharashtra,Gadchiroli,2015,April,0
Maharashtra,Gadchiroli,2015,May,0
Maharashtra,Gadchiroli,2015,June,78.9
Maharashtra,Gadchiroli,2015,July,397.9
Maharashtra,Gadchiroli,2015,August,255.2
Maharashtra,Gadchiroli,2015,September,93.6
Maharashtra,Gadchiroli,2015,October,49.6
Maharashtra,Gadchiroli,2015,November,28.7
Maharashtra,Gadchiroli,2015,December,0
Maharashtra,Gadchiroli,2016,January,11.6
Maharashtra,Gadchiroli,2016,February,42.6
Maharashtra,Gadchiroli,2016,March,0
Maharashtra,Gadchiroli,2016,April,0
Maharashtra,Gadchiroli,2016,May,0
Maharashtra,Gadchiroli,2016,June,140.5
Maharashtra,Gadchiroli,2016,July,571.1
Maharashtra,Gadchiroli,2016,August,562.4
Maharashtra,Gadchiroli,2016,September,457.4
Maharashtra,Gadchiroli,2016,October,59.8
Maharashtra,Gadchiroli,2016,November,10.3
Maharashtra,Gadchiroli,2016,December,13.8
Maharashtra,Gondia,2020,January,31.1
Maharashtra,Gondia,2020,February,25.6
Maharashtra,Gondia,2020,March,0
Maharashtra,Gondia,2020,April,8
Maharashtra,Gondia,2020,May,11.9
Maharashtra,Gondia,2020,June,190.4
Maharashtra,Gondia,2020,July,280.2
Maharashtra,Gondia,2020,August,279
Maharashtra,Gondia,2020,September,79.1
Maharashtra,Gondia,2020,October,11.7
Maharashtra,Gondia,2020,November,0
Maharashtra,Gondia,2020,December,0
Maharashtra,Gondia,2019,January,121.3
Maharashtra,Gondia,2019,February,18
Maharashtra,Gondia,2019,March,17.1
Maharashtra,Gondia,2019,April,4.7
Maharashtra,Gondia,2019,May,18.6
Maharashtra,Gondia,2019,June,161.5
Maharashtra,Gondia,2019,July,432.7
Maharashtra,Gondia,2019,August,368.3
Maharashtra,Gondia,2019,September,520.8
Maharashtra,Gondia,2019,October,46.9
Maharashtra,Gondia,2019,November,0
Maharashtra,Gondia,2019,December,0
Maharashtra,Gondia,2018,January,0
Maharashtra,Gondia,2018,February,0
Maharashtra,Gondia,2018,March,36.9
Maharashtra,Gondia,2018,April,69.3
Maharashtra,Gondia,2018,May,16.8
Maharashtra,Gondia,2018,June,116.4
Maharashtra,Gondia,2018,July,468.9
Maharashtra,Gondia,2018,August,722.1
Maharashtra,Gondia,2018,September,87.4
Maharashtra,Gondia,2018,October,0
Maharashtra,Gondia,2018,November,2.8
Maharashtra,Gondia,2018,December,0
Maharashtra,Gondia,2017,January,0
Maharashtra,Gondia,2017,February,0.8
Maharashtra,Gondia,2017,March,25.4
Maharashtra,Gondia,2017,April,0.4
Maharashtra,Gondia,2017,May,3.2
Maharashtra,Gondia,2017,June,220
Maharashtra,Gondia,2017,July,423
Maharashtra,Gondia,2017,August,305.8
Maharashtra,Gondia,2017,September,228.2
Maharashtra,Gondia,2017,October,16.7
Maharashtra,Gondia,2017,November,1.2
Maharashtra,Gondia,2017,December,0
Maharashtra,Gondia,2014,January,0
Maharashtra,Gondia,2014,February,27.6
Maharashtra,Gondia,2014,March,52.2
Maharashtra,Gondia,2014,April,0
Maharashtra,Gondia,2014,May,0
Maharashtra,Gondia,2014,June,231.3
Maharashtra,Gondia,2014,July,292.8
Maharashtra,Gondia,2014,August,388.7
Maharashtra,Gondia,2014,September,116.7
Maharashtra,Gondia,2014,October,6.6
Maharashtra,Gondia,2014,November,0
Maharashtra,Gondia,2014,December,0
Maharashtra,Gondia,2015,January,0
Maharashtra,Gondia,2015,February,0
Maharashtra,Gondia,2015,March,3
Maharashtra,Gondia,2015,April,12.8
Maharashtra,Gondia,2015,May,0
Maharashtra,Gondia,2015,June,48
Maharashtra,Gondia,2015,July,503.4
Maharashtra,Gondia,2015,August,230.2
Maharashtra,Gondia,2015,September,109
Maharashtra,Gondia,2015,October,18.4
Maharashtra,Gondia,2015,November,111.4
Maharashtra,Gondia,2015,December,12.8
Maharashtra,Gondia,2016,January,16.4
Maharashtra,Gondia,2016,February,15.9
Maharashtra,Gondia,2016,March,19
Maharashtra,Gondia,2016,April,0
Maharashtra,Gondia,2016,May,0
Maharashtra,Gondia,2016,June,159.8
Maharashtra,Gondia,2016,July,586.1
Maharashtra,Gondia,2016,August,314.1
Maharashtra,Gondia,2016,September,356.2
Maharashtra,Gondia,2016,October,36.6
Maharashtra,Gondia,2016,November,4.6
Maharashtra,Gondia,2016,December,0
Maharashtra,Jalgaon,2020,January,0.2
Maharashtra,Jalgaon,2020,February,0
Maharashtra,Jalgaon,2020,March,0
Maharashtra,Jalgaon,2020,April,0
Maharashtra,Jalgaon,2020,May,22.3
Maharashtra,Jalgaon,2020,June,102.2
Maharashtra,Jalgaon,2020,July,169.3
Maharashtra,Jalgaon,2020,August,204.5
Maharashtra,Jalgaon,2020,September,134.7
Maharashtra,Jalgaon,2020,October,14.3
Maharashtra,Jalgaon,2020,November,0
Maharashtra,Jalgaon,2020,December,0
Maharashtra,Jalgaon,2019,January,5
Maharashtra,Jalgaon,2019,February,0.3
Maharashtra,Jalgaon,2019,March,4.5
Maharashtra,Jalgaon,2019,April,1.3
Maharashtra,Jalgaon,2019,May,1.2
Maharashtra,Jalgaon,2019,June,58.8
Maharashtra,Jalgaon,2019,July,147.9
Maharashtra,Jalgaon,2019,August,122.8
Maharashtra,Jalgaon,2019,September,196.5
Maharashtra,Jalgaon,2019,October,2.7
Maharashtra,Jalgaon,2019,November,0
Maharashtra,Jalgaon,2019,December,0
Maharashtra,Jalgaon,2018,January,0
Maharashtra,Jalgaon,2018,February,0
Maharashtra,Jalgaon,2018,March,1.1
Maharashtra,Jalgaon,2018,April,0
Maharashtra,Jalgaon,2018,May,5
Maharashtra,Jalgaon,2018,June,122.6
Maharashtra,Jalgaon,2018,July,360.6
Maharashtra,Jalgaon,2018,August,468.8
Maharashtra,Jalgaon,2018,September,224.8
Maharashtra,Jalgaon,2018,October,56.4
Maharashtra,Jalgaon,2018,November,0
Maharashtra,Jalgaon,2018,December,0
Maharashtra,Jalgaon,2017,January,0
Maharashtra,Jalgaon,2017,February,0
Maharashtra,Jalgaon,2017,March,0
Maharashtra,Jalgaon,2017,April,0.3
Maharashtra,Jalgaon,2017,May,1.7
Maharashtra,Jalgaon,2017,June,44.6
Maharashtra,Jalgaon,2017,July,247.6
Maharashtra,Jalgaon,2017,August,141.1
Maharashtra,Jalgaon,2017,September,158.7
Maharashtra,Jalgaon,2017,October,0
Maharashtra,Jalgaon,2017,November,1.4
Maharashtra,Jalgaon,2017,December,0
Maharashtra,Jalgaon,2014,January,0
Maharashtra,Jalgaon,2014,February,0
Maharashtra,Jalgaon,2014,March,0
Maharashtra,Jalgaon,2014,April,0
Maharashtra,Jalgaon,2014,May,0
Maharashtra,Jalgaon,2014,June,59.7
Maharashtra,Jalgaon,2014,July,141.7
Maharashtra,Jalgaon,2014,August,92.7
Maharashtra,Jalgaon,2014,September,235
Maharashtra,Jalgaon,2014,October,18.2
Maharashtra,Jalgaon,2014,November,0
Maharashtra,Jalgaon,2014,December,0
Maharashtra,Jalgaon,2015,January,0.9
Maharashtra,Jalgaon,2015,February,0
Maharashtra,Jalgaon,2015,March,0
Maharashtra,Jalgaon,2015,April,0
Maharashtra,Jalgaon,2015,May,2
Maharashtra,Jalgaon,2015,June,62.5
Maharashtra,Jalgaon,2015,July,224.9
Maharashtra,Jalgaon,2015,August,115.9
Maharashtra,Jalgaon,2015,September,125.8
Maharashtra,Jalgaon,2015,October,62.7
Maharashtra,Jalgaon,2015,November,110.7
Maharashtra,Jalgaon,2015,December,11.9
Maharashtra,Jalgaon,2016,January,0.2
Maharashtra,Jalgaon,2016,February,2.4
Maharashtra,Jalgaon,2016,March,1.9
Maharashtra,Jalgaon,2016,April,0
Maharashtra,Jalgaon,2016,May,1.5
Maharashtra,Jalgaon,2016,June,90.4
Maharashtra,Jalgaon,2016,July,291.2
Maharashtra,Jalgaon,2016,August,239.4
Maharashtra,Jalgaon,2016,September,113.3
Maharashtra,Jalgaon,2016,October,21.7
Maharashtra,Jalgaon,2016,November,86.3
Maharashtra,Jalgaon,2016,December,0
Maharashtra,Jalna,2020,January,1.9
Maharashtra,Jalna,2020,February,0
Maharashtra,Jalna,2020,March,0
Maharashtra,Jalna,2020,April,0
Maharashtra,Jalna,2020,May,6
Maharashtra,Jalna,2020,June,116.5
Maharashtra,Jalna,2020,July,226
Maharashtra,Jalna,2020,August,76.6
Maharashtra,Jalna,2020,September,183
Maharashtra,Jalna,2020,October,16.1
Maharashtra,Jalna,2020,November,11.6
Maharashtra,Jalna,2020,December,0
Maharashtra,Jalna,2019,January,0
Maharashtra,Jalna,2019,February,2
Maharashtra,Jalna,2019,March,1.2
Maharashtra,Jalna,2019,April,3.4
Maharashtra,Jalna,2019,May,3.2
Maharashtra,Jalna,2019,June,50.4
Maharashtra,Jalna,2019,July,363.8
Maharashtra,Jalna,2019,August,126.5
Maharashtra,Jalna,2019,September,174.7
Maharashtra,Jalna,2019,October,51.3
Maharashtra,Jalna,2019,November,0
Maharashtra,Jalna,2019,December,0
Maharashtra,Jalna,2018,January,0
Maharashtra,Jalna,2018,February,0
Maharashtra,Jalna,2018,March,0
Maharashtra,Jalna,2018,April,0.8
Maharashtra,Jalna,2018,May,1.4
Maharashtra,Jalna,2018,June,127.8
Maharashtra,Jalna,2018,July,126.1
Maharashtra,Jalna,2018,August,324.5
Maharashtra,Jalna,2018,September,199.2
Maharashtra,Jalna,2018,October,64
Maharashtra,Jalna,2018,November,0
Maharashtra,Jalna,2018,December,0
Maharashtra,Jalna,2017,January,0
Maharashtra,Jalna,2017,February,0
Maharashtra,Jalna,2017,March,0
Maharashtra,Jalna,2017,April,0
Maharashtra,Jalna,2017,May,0
Maharashtra,Jalna,2017,June,79.3
Maharashtra,Jalna,2017,July,147.5
Maharashtra,Jalna,2017,August,122
Maharashtra,Jalna,2017,September,136.4
Maharashtra,Jalna,2017,October,0
Maharashtra,Jalna,2017,November,0
Maharashtra,Jalna,2017,December,0
Maharashtra,Jalna,2014,January,0
Maharashtra,Jalna,2014,February,0
Maharashtra,Jalna,2014,March,0
Maharashtra,Jalna,2014,April,0
Maharashtra,Jalna,2014,May,0
Maharashtra,Jalna,2014,June,66.9
Maharashtra,Jalna,2014,July,124.8
Maharashtra,Jalna,2014,August,121.8
Maharashtra,Jalna,2014,September,211.9
Maharashtra,Jalna,2014,October,44
Maharashtra,Jalna,2014,November,0
Maharashtra,Jalna,2014,December,0
Maharashtra,Jalna,2015,January,0
Maharashtra,Jalna,2015,February,0
Maharashtra,Jalna,2015,March,0
Maharashtra,Jalna,2015,April,0
Maharashtra,Jalna,2015,May,21.4
Maharashtra,Jalna,2015,June,33.1
Maharashtra,Jalna,2015,July,209.4
Maharashtra,Jalna,2015,August,173.8
Maharashtra,Jalna,2015,September,121.7
Maharashtra,Jalna,2015,October,42.6
Maharashtra,Jalna,2015,November,58.7
Maharashtra,Jalna,2015,December,0.4
Maharashtra,Jalna,2016,January,7.2
Maharashtra,Jalna,2016,February,0
Maharashtra,Jalna,2016,March,0
Maharashtra,Jalna,2016,April,0
Maharashtra,Jalna,2016,May,0.4
Maharashtra,Jalna,2016,June,97.2
Maharashtra,Jalna,2016,July,288.1
Maharashtra,Jalna,2016,August,304
Maharashtra,Jalna,2016,September,117.4
Maharashtra,Jalna,2016,October,50.5
Maharashtra,Jalna,2016,November,33.7
Maharashtra,Jalna,2016,December,0
Maharashtra,Kolhapur,2020,January,0
Maharashtra,Kolhapur,2020,February,0
Maharashtra,Kolhapur,2020,March,0
Maharashtra,Kolhapur,2020,April,4.1
Maharashtra,Kolhapur,2020,May,14
Maharashtra,Kolhapur,2020,June,546.7
Maharashtra,Kolhapur,2020,July,327.6
Maharashtra,Kolhapur,2020,August,692.9
Maharashtra,Kolhapur,2020,September,186.5
Maharashtra,Kolhapur,2020,October,43.1
Maharashtra,Kolhapur,2020,November,1.7
Maharashtra,Kolhapur,2020,December,0
Maharashtra,Kolhapur,2019,January,0.3
Maharashtra,Kolhapur,2019,February,0.1
Maharashtra,Kolhapur,2019,March,0
Maharashtra,Kolhapur,2019,April,17.7
Maharashtra,Kolhapur,2019,May,9.7
Maharashtra,Kolhapur,2019,June,467.5
Maharashtra,Kolhapur,2019,July,953.6
Maharashtra,Kolhapur,2019,August,736.5
Maharashtra,Kolhapur,2019,September,514.9
Maharashtra,Kolhapur,2019,October,109.4
Maharashtra,Kolhapur,2019,November,0
Maharashtra,Kolhapur,2019,December,0.1
Maharashtra,Kolhapur,2018,January,0
Maharashtra,Kolhapur,2018,February,0
Maharashtra,Kolhapur,2018,March,1.2
Maharashtra,Kolhapur,2018,April,0.1
Maharashtra,Kolhapur,2018,May,37.5
Maharashtra,Kolhapur,2018,June,403.7
Maharashtra,Kolhapur,2018,July,978.8
Maharashtra,Kolhapur,2018,August,814.6
Maharashtra,Kolhapur,2018,September,299.2
Maharashtra,Kolhapur,2018,October,66.3
Maharashtra,Kolhapur,2018,November,10
Maharashtra,Kolhapur,2018,December,0
Maharashtra,Kolhapur,2017,January,0
Maharashtra,Kolhapur,2017,February,0
Maharashtra,Kolhapur,2017,March,0
Maharashtra,Kolhapur,2017,April,0.6
Maharashtra,Kolhapur,2017,May,3.8
Maharashtra,Kolhapur,2017,June,680.2
Maharashtra,Kolhapur,2017,July,598.2
Maharashtra,Kolhapur,2017,August,653.2
Maharashtra,Kolhapur,2017,September,271.9
Maharashtra,Kolhapur,2017,October,42.7
Maharashtra,Kolhapur,2017,November,10
Maharashtra,Kolhapur,2017,December,0
Maharashtra,Kolhapur,2014,January,0
Maharashtra,Kolhapur,2014,February,0
Maharashtra,Kolhapur,2014,March,56.5
Maharashtra,Kolhapur,2014,April,3.3
Maharashtra,Kolhapur,2014,May,69.1
Maharashtra,Kolhapur,2014,June,435.8
Maharashtra,Kolhapur,2014,July,329.6
Maharashtra,Kolhapur,2014,August,671.3
Maharashtra,Kolhapur,2014,September,419.1
Maharashtra,Kolhapur,2014,October,91.8
Maharashtra,Kolhapur,2014,November,1.8
Maharashtra,Kolhapur,2014,December,3.7
Maharashtra,Kolhapur,2015,January,0
Maharashtra,Kolhapur,2015,February,0
Maharashtra,Kolhapur,2015,March,2.6
Maharashtra,Kolhapur,2015,April,0.8
Maharashtra,Kolhapur,2015,May,1.8
Maharashtra,Kolhapur,2015,June,93.9
Maharashtra,Kolhapur,2015,July,1089.3
Maharashtra,Kolhapur,2015,August,229.8
Maharashtra,Kolhapur,2015,September,292.4
Maharashtra,Kolhapur,2015,October,173
Maharashtra,Kolhapur,2015,November,100.1
Maharashtra,Kolhapur,2015,December,5.9
Maharashtra,Kolhapur,2016,January,0
Maharashtra,Kolhapur,2016,February,0
Maharashtra,Kolhapur,2016,March,0
Maharashtra,Kolhapur,2016,April,16.2
Maharashtra,Kolhapur,2016,May,5.4
Maharashtra,Kolhapur,2016,June,358.1
Maharashtra,Kolhapur,2016,July,763.8
Maharashtra,Kolhapur,2016,August,336.3
Maharashtra,Kolhapur,2016,September,310.3
Maharashtra,Kolhapur,2016,October,126.6
Maharashtra,Kolhapur,2016,November,71.8
Maharashtra,Kolhapur,2016,December,0
Maharashtra,Latur,2020,January,11.2
Maharashtra,Latur,2020,February,0
Maharashtra,Latur,2020,March,0
Maharashtra,Latur,2020,April,10.5
Maharashtra,Latur,2020,May,0
Maharashtra,Latur,2020,June,74.8
Maharashtra,Latur,2020,July,361.4
Maharashtra,Latur,2020,August,93.1
Maharashtra,Latur,2020,September,153.8
Maharashtra,Latur,2020,October,65.4
Maharashtra,Latur,2020,November,16
Maharashtra,Latur,2020,December,0
Maharashtra,Latur,2019,January,20.5
Maharashtra,Latur,2019,February,0.4
Maharashtra,Latur,2019,March,3
Maharashtra,Latur,2019,April,22
Maharashtra,Latur,2019,May,2
Maharashtra,Latur,2019,June,71.9
Maharashtra,Latur,2019,July,350.1
Maharashtra,Latur,2019,August,142
Maharashtra,Latur,2019,September,293.4
Maharashtra,Latur,2019,October,186
Maharashtra,Latur,2019,November,0
Maharashtra,Latur,2019,December,0
Maharashtra,Latur,2018,January,0
Maharashtra,Latur,2018,February,0
Maharashtra,Latur,2018,March,15.3
Maharashtra,Latur,2018,April,7.8
Maharashtra,Latur,2018,May,8.2
Maharashtra,Latur,2018,June,127.6
Maharashtra,Latur,2018,July,149.3
Maharashtra,Latur,2018,August,293.3
Maharashtra,Latur,2018,September,247.2
Maharashtra,Latur,2018,October,44.3
Maharashtra,Latur,2018,November,0
Maharashtra,Latur,2018,December,0
Maharashtra,Latur,2017,January,0
Maharashtra,Latur,2017,February,0
Maharashtra,Latur,2017,March,0
Maharashtra,Latur,2017,April,3.8
Maharashtra,Latur,2017,May,7.5
Maharashtra,Latur,2017,June,244.9
Maharashtra,Latur,2017,July,105.6
Maharashtra,Latur,2017,August,174.8
Maharashtra,Latur,2017,September,252.8
Maharashtra,Latur,2017,October,0
Maharashtra,Latur,2017,November,13
Maharashtra,Latur,2017,December,0
Maharashtra,Latur,2014,January,0
Maharashtra,Latur,2014,February,0
Maharashtra,Latur,2014,March,69.7
Maharashtra,Latur,2014,April,2
Maharashtra,Latur,2014,May,0
Maharashtra,Latur,2014,June,55.8
Maharashtra,Latur,2014,July,107.2
Maharashtra,Latur,2014,August,156.8
Maharashtra,Latur,2014,September,310.3
Maharashtra,Latur,2014,October,7.4
Maharashtra,Latur,2014,November,1.1
Maharashtra,Latur,2014,December,0
Maharashtra,Latur,2015,January,0
Maharashtra,Latur,2015,February,0
Maharashtra,Latur,2015,March,0.5
Maharashtra,Latur,2015,April,2.5
Maharashtra,Latur,2015,May,15.8
Maharashtra,Latur,2015,June,57.8
Maharashtra,Latur,2015,July,112.9
Maharashtra,Latur,2015,August,178.7
Maharashtra,Latur,2015,September,101.1
Maharashtra,Latur,2015,October,53
Maharashtra,Latur,2015,November,20.2
Maharashtra,Latur,2015,December,6.9
Maharashtra,Latur,2016,January,4.5
Maharashtra,Latur,2016,February,20
Maharashtra,Latur,2016,March,0
Maharashtra,Latur,2016,April,1
Maharashtra,Latur,2016,May,1.4
Maharashtra,Latur,2016,June,68.4
Maharashtra,Latur,2016,July,315.4
Maharashtra,Latur,2016,August,428.7
Maharashtra,Latur,2016,September,201.6
Maharashtra,Latur,2016,October,78.8
Maharashtra,Latur,2016,November,28
Maharashtra,Latur,2016,December,1
Maharashtra,Mumbai,2020,January,0
Maharashtra,Mumbai,2020,February,0
Maharashtra,Mumbai,2020,March,0
Maharashtra,Mumbai,2020,April,0
Maharashtra,Mumbai,2020,May,49.5
Maharashtra,Mumbai,2020,June,281.9
Maharashtra,Mumbai,2020,July,812.3
Maharashtra,Mumbai,2020,August,862.6
Maharashtra,Mumbai,2020,September,172.7
Maharashtra,Mumbai,2020,October,45.6
Maharashtra,Mumbai,2020,November,2.5
Maharashtra,Mumbai,2020,December,0
Maharashtra,Mumbai,2019,January,0.5
Maharashtra,Mumbai,2019,February,0
Maharashtra,Mumbai,2019,March,0.1
Maharashtra,Mumbai,2019,April,0
Maharashtra,Mumbai,2019,May,0.2
Maharashtra,Mumbai,2019,June,561.8
Maharashtra,Mumbai,2019,July,1049.8
Maharashtra,Mumbai,2019,August,462.3
Maharashtra,Mumbai,2019,September,668.6
Maharashtra,Mumbai,2019,October,26.3
Maharashtra,Mumbai,2019,November,0
Maharashtra,Mumbai,2019,December,0
Maharashtra,Mumbai,2018,January,0
Maharashtra,Mumbai,2018,February,0
Maharashtra,Mumbai,2018,March,10.2
Maharashtra,Mumbai,2018,April,0
Maharashtra,Mumbai,2018,May,86.5
Maharashtra,Mumbai,2018,June,456.2
Maharashtra,Mumbai,2018,July,999.5
Maharashtra,Mumbai,2018,August,765.1
Maharashtra,Mumbai,2018,September,259.6
Maharashtra,Mumbai,2018,October,222.9
Maharashtra,Mumbai,2018,November,6.2
Maharashtra,Mumbai,2018,December,0
Maharashtra,Mumbai,2017,January,0
Maharashtra,Mumbai,2017,February,2.3
Maharashtra,Mumbai,2017,March,0
Maharashtra,Mumbai,2017,April,0
Maharashtra,Mumbai,2017,May,0.4
Maharashtra,Mumbai,2017,June,776.6
Maharashtra,Mumbai,2017,July,650.9
Maharashtra,Mumbai,2017,August,646.2
Maharashtra,Mumbai,2017,September,428.7
Maharashtra,Mumbai,2017,October,0
Maharashtra,Mumbai,2017,November,3.9
Maharashtra,Mumbai,2017,December,0
Maharashtra,Mumbai,2014,January,0
Maharashtra,Mumbai,2014,February,0
Maharashtra,Mumbai,2014,March,0.1
Maharashtra,Mumbai,2014,April,0
Maharashtra,Mumbai,2014,May,0.5
Maharashtra,Mumbai,2014,June,768
Maharashtra,Mumbai,2014,July,910.2
Maharashtra,Mumbai,2014,August,498.8
Maharashtra,Mumbai,2014,September,338
Maharashtra,Mumbai,2014,October,15.4
Maharashtra,Mumbai,2014,November,1.6
Maharashtra,Mumbai,2014,December,0.2
Maharashtra,Mumbai,2015,January,0
Maharashtra,Mumbai,2015,February,0
Maharashtra,Mumbai,2015,March,0
Maharashtra,Mumbai,2015,April,0
Maharashtra,Mumbai,2015,May,1.3
Maharashtra,Mumbai,2015,June,241
Maharashtra,Mumbai,2015,July,956.8
Maharashtra,Mumbai,2015,August,247.4
Maharashtra,Mumbai,2015,September,420.8
Maharashtra,Mumbai,2015,October,190.8
Maharashtra,Mumbai,2015,November,105.4
Maharashtra,Mumbai,2015,December,0
Maharashtra,Mumbai,2016,January,0
Maharashtra,Mumbai,2016,February,0
Maharashtra,Mumbai,2016,March,0
Maharashtra,Mumbai,2016,April,0.3
Maharashtra,Mumbai,2016,May,0
Maharashtra,Mumbai,2016,June,947.4
Maharashtra,Mumbai,2016,July,1112.7
Maharashtra,Mumbai,2016,August,860.7
Maharashtra,Mumbai,2016,September,272.9
Maharashtra,Mumbai,2016,October,122.4
Maharashtra,Mumbai,2016,November,55.7
Maharashtra,Mumbai,2016,December,0
Maharashtra,Nagpur,2020,January,49.4
Maharashtra,Nagpur,2020,February,1.5
Maharashtra,Nagpur,2020,March,0.6
Maharashtra,Nagpur,2020,April,19.3
Maharashtra,Nagpur,2020,May,20.6
Maharashtra,Nagpur,2020,June,135.7
Maharashtra,Nagpur,2020,July,256.3
Maharashtra,Nagpur,2020,August,205.5
Maharashtra,Nagpur,2020,September,88.1
Maharashtra,Nagpur,2020,October,7.7
Maharashtra,Nagpur,2020,November,6.8
Maharashtra,Nagpur,2020,December,0
Maharashtra,Nagpur,2019,January,98.3
Maharashtra,Nagpur,2019,February,13.3
Maharashtra,Nagpur,2019,March,19.8
Maharashtra,Nagpur,2019,April,11.2
Maharashtra,Nagpur,2019,May,12
Maharashtra,Nagpur,2019,June,190
Maharashtra,Nagpur,2019,July,421.1
Maharashtra,Nagpur,2019,August,178.8
Maharashtra,Nagpur,2019,September,294.9
Maharashtra,Nagpur,2019,October,89.1
Maharashtra,Nagpur,2019,November,0
Maharashtra,Nagpur,2019,December,0.8
Maharashtra,Nagpur,2018,January,0
Maharashtra,Nagpur,2018,February,0
Maharashtra,Nagpur,2018,March,91
Maharashtra,Nagpur,2018,April,25.8
Maharashtra,Nagpur,2018,May,39.2
Maharashtra,Nagpur,2018,June,108.5
Maharashtra,Nagpur,2018,July,344.3
Maharashtra,Nagpur,2018,August,296.1
Maharashtra,Nagpur,2018,September,145.6
Maharashtra,Nagpur,2018,October,7.9
Maharashtra,Nagpur,2018,November,18
Maharashtra,Nagpur,2018,December,0
Maharashtra,Nagpur,2017,January,0
Maharashtra,Nagpur,2017,February,2.4
Maharashtra,Nagpur,2017,March,8
Maharashtra,Nagpur,2017,April,3.5
Maharashtra,Nagpur,2017,May,6.6
Maharashtra,Nagpur,2017,June,251.5
Maharashtra,Nagpur,2017,July,402.1
Maharashtra,Nagpur,2017,August,288.8
Maharashtra,Nagpur,2017,September,220.7
Maharashtra,Nagpur,2017,October,29.3
Maharashtra,Nagpur,2017,November,37.8
Maharashtra,Nagpur,2017,December,0
Maharashtra,Nagpur,2014,January,0
Maharashtra,Nagpur,2014,February,0
Maharashtra,Nagpur,2014,March,18.5
Maharashtra,Nagpur,2014,April,4.6
Maharashtra,Nagpur,2014,May,15.1
Maharashtra,Nagpur,2014,June,198.3
Maharashtra,Nagpur,2014,July,298.6
Maharashtra,Nagpur,2014,August,188.8
Maharashtra,Nagpur,2014,September,100.1
Maharashtra,Nagpur,2014,October,16.8
Maharashtra,Nagpur,2014,November,0
Maharashtra,Nagpur,2014,December,0
Maharashtra,Nagpur,2015,January,0
Maharashtra,Nagpur,2015,February,0
Maharashtra,Nagpur,2015,March,9.2
Maharashtra,Nagpur,2015,April,0
Maharashtra,Nagpur,2015,May,20.3
Maharashtra,Nagpur,2015,June,95.4
Maharashtra,Nagpur,2015,July,463.7
Maharashtra,Nagpur,2015,August,183.7
Maharashtra,Nagpur,2015,September,107
Maharashtra,Nagpur,2015,October,50.9
Maharashtra,Nagpur,2015,November,53.2
Maharashtra,Nagpur,2015,December,3.3
Maharashtra,Nagpur,2016,January,17
Maharashtra,Nagpur,2016,February,18.8
Maharashtra,Nagpur,2016,March,18.9
Maharashtra,Nagpur,2016,April,0
Maharashtra,Nagpur,2016,May,2
Maharashtra,Nagpur,2016,June,141.2
Maharashtra,Nagpur,2016,July,383.1
Maharashtra,Nagpur,2016,August,396.7
Maharashtra,Nagpur,2016,September,228
Maharashtra,Nagpur,2016,October,24.5
Maharashtra,Nagpur,2016,November,58.8
Maharashtra,Nagpur,2016,December,0.4
Maharashtra,Thane,2020,January,0
Maharashtra,Thane,2020,February,0
Maharashtra,Thane,2020,March,0
Maharashtra,Thane,2020,April,0
Maharashtra,Thane,2020,May,8
Maharashtra,Thane,2020,June,425.7
Maharashtra,Thane,2020,July,814
Maharashtra,Thane,2020,August,1452.6
Maharashtra,Thane,2020,September,194.7
Maharashtra,Thane,2020,October,34.8
Maharashtra,Thane,2020,November,0
Maharashtra,Thane,2020,December,0
Maharashtra,Thane,2019,January,0
Maharashtra,Thane,2019,February,0
Maharashtra,Thane,2019,March,0
Maharashtra,Thane,2019,April,0
Maharashtra,Thane,2019,May,0
Maharashtra,Thane,2019,June,706.5
Maharashtra,Thane,2019,July,1237
Maharashtra,Thane,2019,August,726.3
Maharashtra,Thane,2019,September,876.2
Maharashtra,Thane,2019,October,17.1
Maharashtra,Thane,2019,November,0
Maharashtra,Thane,2019,December,0
Maharashtra,Thane,2018,January,0
Maharashtra,Thane,2018,February,0
Maharashtra,Thane,2018,March,0.3
Maharashtra,Thane,2018,April,0
Maharashtra,Thane,2018,May,32.8
Maharashtra,Thane,2018,June,489.7
Maharashtra,Thane,2018,July,1153.7
Maharashtra,Thane,2018,August,1073.1
Maharashtra,Thane,2018,September,284
Maharashtra,Thane,2018,October,105.7
Maharashtra,Thane,2018,November,0
Maharashtra,Thane,2018,December,0
Maharashtra,Thane,2017,January,0
Maharashtra,Thane,2017,February,0
Maharashtra,Thane,2017,March,0
Maharashtra,Thane,2017,April,0
Maharashtra,Thane,2017,May,0
Maharashtra,Thane,2017,June,512.5
Maharashtra,Thane,2017,July,723.7
Maharashtra,Thane,2017,August,957.4
Maharashtra,Thane,2017,September,401
Maharashtra,Thane,2017,October,0
Maharashtra,Thane,2017,November,0.1
Maharashtra,Thane,2017,December,0
Maharashtra,Thane,2014,January,0
Maharashtra,Thane,2014,February,0
Maharashtra,Thane,2014,March,0
Maharashtra,Thane,2014,April,0
Maharashtra,Thane,2014,May,0
Maharashtra,Thane,2014,June,528
Maharashtra,Thane,2014,July,925.1
Maharashtra,Thane,2014,August,846.5
Maharashtra,Thane,2014,September,443.9
Maharashtra,Thane,2014,October,37.7
Maharashtra,Thane,2014,November,0.1
Maharashtra,Thane,2014,December,0.1
Maharashtra,Thane,2015,January,0
Maharashtra,Thane,2015,February,0
Maharashtra,Thane,2015,March,0
Maharashtra,Thane,2015,April,0
Maharashtra,Thane,2015,May,0
Maharashtra,Thane,2015,June,131.1
Maharashtra,Thane,2015,July,1290.5
Maharashtra,Thane,2015,August,176.2
Maharashtra,Thane,2015,September,203.2
Maharashtra,Thane,2015,October,189.2
Maharashtra,Thane,2015,November,62.9
Maharashtra,Thane,2015,December,0
Maharashtra,Thane,2016,January,0
Maharashtra,Thane,2016,February,0
Maharashtra,Thane,2016,March,1.4
Maharashtra,Thane,2016,April,0
Maharashtra,Thane,2016,May,0
Maharashtra,Thane,2016,June,380.4
Maharashtra,Thane,2016,July,1007.2
Maharashtra,Thane,2016,August,851.1
Maharashtra,Thane,2016,September,426.1
Maharashtra,Thane,2016,October,94.3
Maharashtra,Thane,2016,November,80.2
Maharashtra,Thane,2016,December,0
Maharashtra,Wardha,2020,January,66
Maharashtra,Wardha,2020,February,0
Maharashtra,Wardha,2020,March,0
Maharashtra,Wardha,2020,April,0
Maharashtra,Wardha,2020,May,20
Maharashtra,Wardha,2020,June,178
Maharashtra,Wardha,2020,July,235.7
Maharashtra,Wardha,2020,August,236.2
Maharashtra,Wardha,2020,September,90.5
Maharashtra,Wardha,2020,October,15.6
Maharashtra,Wardha,2020,November,16.7
Maharashtra,Wardha,2020,December,0
Maharashtra,Wardha,2019,January,88.7
Maharashtra,Wardha,2019,February,8.7
Maharashtra,Wardha,2019,March,26
Maharashtra,Wardha,2019,April,11.9
Maharashtra,Wardha,2019,May,1.6
Maharashtra,Wardha,2019,June,182.1
Maharashtra,Wardha,2019,July,323.5
Maharashtra,Wardha,2019,August,214.5
Maharashtra,Wardha,2019,September,228.4
Maharashtra,Wardha,2019,October,85
Maharashtra,Wardha,2019,November,0
Maharashtra,Wardha,2019,December,3.9
Maharashtra,Wardha,2018,January,0
Maharashtra,Wardha,2018,February,0
Maharashtra,Wardha,2018,March,80.6
Maharashtra,Wardha,2018,April,27.2
Maharashtra,Wardha,2018,May,52.4
Maharashtra,Wardha,2018,June,108.3
Maharashtra,Wardha,2018,July,357.8
Maharashtra,Wardha,2018,August,302.1
Maharashtra,Wardha,2018,September,115.3
Maharashtra,Wardha,2018,October,36
Maharashtra,Wardha,2018,November,17.3
Maharashtra,Wardha,2018,December,0
Maharashtra,Wardha,2017,January,0
Maharashtra,Wardha,2017,February,2.2
Maharashtra,Wardha,2017,March,7.8
Maharashtra,Wardha,2017,April,6.6
Maharashtra,Wardha,2017,May,6.6
Maharashtra,Wardha,2017,June,336
Maharashtra,Wardha,2017,July,413.3
Maharashtra,Wardha,2017,August,272.6
Maharashtra,Wardha,2017,September,257.9
Maharashtra,Wardha,2017,October,0.7
Maharashtra,Wardha,2017,November,11
Maharashtra,Wardha,2017,December,0
Maharashtra,Wardha,2014,January,0
Maharashtra,Wardha,2014,February,0
Maharashtra,Wardha,2014,March,28.5
Maharashtra,Wardha,2014,April,2.5
Maharashtra,Wardha,2014,May,2.8
Maharashtra,Wardha,2014,June,80
Maharashtra,Wardha,2014,July,322.9
Maharashtra,Wardha,2014,August,194.6
Maharashtra,Wardha,2014,September,167.1
Maharashtra,Wardha,2014,October,20.2
Maharashtra,Wardha,2014,November,0
Maharashtra,Wardha,2014,December,0
Maharashtra,Wardha,2015,January,0
Maharashtra,Wardha,2015,February,0
Maharashtra,Wardha,2015,March,0
Maharashtra,Wardha,2015,April,3.8
Maharashtra,Wardha,2015,May,19
Maharashtra,Wardha,2015,June,78.1
Maharashtra,Wardha,2015,July,290.8
Maharashtra,Wardha,2015,August,162.8
Maharashtra,Wardha,2015,September,87.1
Maharashtra,Wardha,2015,October,23.7
Maharashtra,Wardha,2015,November,70.5
Maharashtra,Wardha,2015,December,3.6
Maharashtra,Wardha,2016,January,11.2
Maharashtra,Wardha,2016,February,7.3
Maharashtra,Wardha,2016,March,19.8
Maharashtra,Wardha,2016,April,0
Maharashtra,Wardha,2016,May,0
Maharashtra,Wardha,2016,June,157.5
Maharashtra,Wardha,2016,July,427.8
Maharashtra,Wardha,2016,August,351.1
Maharashtra,Wardha,2016,September,227.6
Maharashtra,Wardha,2016,October,49.3
Maharashtra,Wardha,2016,November,62.3
Maharashtra,Wardha,2016,December,4.2
Maharashtra,Washim,2020,January,34.1
Maharashtra,Washim,2020,February,0
Maharashtra,Washim,2020,March,1.8
Maharashtra,Washim,2020,April,0
Maharashtra,Washim,2020,May,30
Maharashtra,Washim,2020,June,100.2
Maharashtra,Washim,2020,July,193.2
Maharashtra,Washim,2020,August,97.4
Maharashtra,Washim,2020,September,85.6
Maharashtra,Washim,2020,October,44
Maharashtra,Washim,2020,November,37.5
Maharashtra,Washim,2020,December,0
Maharashtra,Washim,2019,January,46.8
Maharashtra,Washim,2019,February,2.5
Maharashtra,Washim,2019,March,15.7
Maharashtra,Washim,2019,April,18.9
Maharashtra,Washim,2019,May,0
Maharashtra,Washim,2019,June,75.8
Maharashtra,Washim,2019,July,417.6
Maharashtra,Washim,2019,August,184.8
Maharashtra,Washim,2019,September,183.3
Maharashtra,Washim,2019,October,107.4
Maharashtra,Washim,2019,November,0
Maharashtra,Washim,2019,December,0
Maharashtra,Washim,2018,January,0
Maharashtra,Washim,2018,February,0
Maharashtra,Washim,2018,March,104.2
Maharashtra,Washim,2018,April,0
Maharashtra,Washim,2018,May,38.8
Maharashtra,Washim,2018,June,107.1
Maharashtra,Washim,2018,July,205.8
Maharashtra,Washim,2018,August,480.2
Maharashtra,Washim,2018,September,185.1
Maharashtra,Washim,2018,October,37.1
Maharashtra,Washim,2018,November,41.3
Maharashtra,Washim,2018,December,0
Maharashtra,Washim,2017,January,0
Maharashtra,Washim,2017,February,0
Maharashtra,Washim,2017,March,0
Maharashtra,Washim,2017,April,7
Maharashtra,Washim,2017,May,0
Maharashtra,Washim,2017,June,102.9
Maharashtra,Washim,2017,July,267.4
Maharashtra,Washim,2017,August,212.2
Maharashtra,Washim,2017,September,168.6
Maharashtra,Washim,2017,October,1
Maharashtra,Washim,2017,November,15.1
Maharashtra,Washim,2017,December,0
Maharashtra,Washim,2014,January,0
Maharashtra,Washim,2014,February,0
Maharashtra,Washim,2014,March,9.5
Maharashtra,Washim,2014,April,0
Maharashtra,Washim,2014,May,0
Maharashtra,Washim,2014,June,136.4
Maharashtra,Washim,2014,July,161
Maharashtra,Washim,2014,August,110.3
Maharashtra,Washim,2014,September,209.7
Maharashtra,Washim,2014,October,38.1
Maharashtra,Washim,2014,November,0
Maharashtra,Washim,2014,December,5.2
Maharashtra,Washim,2015,January,0
Maharashtra,Washim,2015,February,0
Maharashtra,Washim,2015,March,5
Maharashtra,Washim,2015,April,0
Maharashtra,Washim,2015,May,11.6
Maharashtra,Washim,2015,June,75.1
Maharashtra,Washim,2015,July,171.9
Maharashtra,Washim,2015,August,123.6
Maharashtra,Washim,2015,September,107.2
Maharashtra,Washim,2015,October,31.7
Maharashtra,Washim,2015,November,80.2
Maharashtra,Washim,2015,December,7.8
Maharashtra,Washim,2016,January,19.1
Maharashtra,Washim,2016,February,6
Maharashtra,Washim,2016,March,31.1
Maharashtra,Washim,2016,April,0
Maharashtra,Washim,2016,May,5
Maharashtra,Washim,2016,June,197
Maharashtra,Washim,2016,July,486.4
Maharashtra,Washim,2016,August,256.6
Maharashtra,Washim,2016,September,99.8
Maharashtra,Washim,2016,October,42.2
Maharashtra,Washim,2016,November,53.7
Maharashtra,Washim,2016,December,1
Maharashtra,Yeotmal,2020,January,36.7
Maharashtra,Yeotmal,2020,February,0
Maharashtra,Yeotmal,2020,March,0
Maharashtra,Yeotmal,2020,April,0
Maharashtra,Yeotmal,2020,May,69
Maharashtra,Yeotmal,2020,June,139.6
Maharashtra,Yeotmal,2020,July,233.1
Maharashtra,Yeotmal,2020,August,173.9
Maharashtra,Yeotmal,2020,September,73
Maharashtra,Yeotmal,2020,October,29.2
Maharashtra,Yeotmal,2020,November,35.7
Maharashtra,Yeotmal,2020,December,0
Maharashtra,Yeotmal,2019,January,81.8
Maharashtra,Yeotmal,2019,February,14
Maharashtra,Yeotmal,2019,March,18.8
Maharashtra,Yeotmal,2019,April,11
Maharashtra,Yeotmal,2019,May,13.8
Maharashtra,Yeotmal,2019,June,164.8
Maharashtra,Yeotmal,2019,July,488.1
Maharashtra,Yeotmal,2019,August,257.2
Maharashtra,Yeotmal,2019,September,164.8
Maharashtra,Yeotmal,2019,October,79.9
Maharashtra,Yeotmal,2019,November,0
Maharashtra,Yeotmal,2019,December,1.3
Maharashtra,Yeotmal,2018,January,0
Maharashtra,Yeotmal,2018,February,0
Maharashtra,Yeotmal,2018,March,57.6
Maharashtra,Yeotmal,2018,April,14
Maharashtra,Yeotmal,2018,May,27.9
Maharashtra,Yeotmal,2018,June,112
Maharashtra,Yeotmal,2018,July,351.7
Maharashtra,Yeotmal,2018,August,403.8
Maharashtra,Yeotmal,2018,September,205.3
Maharashtra,Yeotmal,2018,October,106.8
Maharashtra,Yeotmal,2018,November,10.9
Maharashtra,Yeotmal,2018,December,0
Maharashtra,Yeotmal,2017,January,0
Maharashtra,Yeotmal,2017,February,0
Maharashtra,Yeotmal,2017,March,4.6
Maharashtra,Yeotmal,2017,April,1
Maharashtra,Yeotmal,2017,May,14.4
Maharashtra,Yeotmal,2017,June,122
Maharashtra,Yeotmal,2017,July,250.4
Maharashtra,Yeotmal,2017,August,176
Maharashtra,Yeotmal,2017,September,216.1
Maharashtra,Yeotmal,2017,October,5.4
Maharashtra,Yeotmal,2017,November,6.2
Maharashtra,Yeotmal,2017,December,0
Maharashtra,Yeotmal,2014,January,0
Maharashtra,Yeotmal,2014,February,0
Maharashtra,Yeotmal,2014,March,72.4
Maharashtra,Yeotmal,2014,April,7.2
Maharashtra,Yeotmal,2014,May,5.2
Maharashtra,Yeotmal,2014,June,83.4
Maharashtra,Yeotmal,2014,July,178.1
Maharashtra,Yeotmal,2014,August,196.5
Maharashtra,Yeotmal,2014,September,130.6
Maharashtra,Yeotmal,2014,October,31.1
Maharashtra,Yeotmal,2014,November,0
Maharashtra,Yeotmal,2014,December,0
Maharashtra,Yeotmal,2015,January,0
Maharashtra,Yeotmal,2015,February,0
Maharashtra,Yeotmal,2015,March,1.2
Maharashtra,Yeotmal,2015,April,0
Maharashtra,Yeotmal,2015,May,10.2
Maharashtra,Yeotmal,2015,June,99.4
Maharashtra,Yeotmal,2015,July,142.3
Maharashtra,Yeotmal,2015,August,128.1
Maharashtra,Yeotmal,2015,September,108.3
Maharashtra,Yeotmal,2015,October,10
Maharashtra,Yeotmal,2015,November,70.1
Maharashtra,Yeotmal,2015,December,0.4
Maharashtra,Yeotmal,2016,January,25.3
Maharashtra,Yeotmal,2016,February,15
Maharashtra,Yeotmal,2016,March,10.3
Maharashtra,Yeotmal,2016,April,0
Maharashtra,Yeotmal,2016,May,0
Maharashtra,Yeotmal,2016,June,120.7
Maharashtra,Yeotmal,2016,July,391.8
Maharashtra,Yeotmal,2016,August,367.4
Maharashtra,Yeotmal,2016,September,132.5
Maharashtra,Yeotmal,2016,October,57.5
Maharashtra,Yeotmal,2016,November,81.2
Maharashtra,Yeotmal,2016,December,0
Maharashtra,Ahmednagar,2020,January,0
Maharashtra,Ahmednagar,2020,February,0
Maharashtra,Ahmednagar,2020,March,0
Maharashtra,Ahmednagar,2020,April,0
Maharashtra,Ahmednagar,2020,May,17.1
Maharashtra,Ahmednagar,2020,June,123.6
Maharashtra,Ahmednagar,2020,July,103.5
Maharashtra,Ahmednagar,2020,August,99.7
Maharashtra,Ahmednagar,2020,September,262
Maharashtra,Ahmednagar,2020,October,60.2
Maharashtra,Ahmednagar,2020,November,12.2
Maharashtra,Ahmednagar,2020,December,0
Maharashtra,Ahmednagar,2019,January,0.8
Maharashtra,Ahmednagar,2019,February,0
Maharashtra,Ahmednagar,2019,March,0.1
Maharashtra,Ahmednagar,2019,April,1.8
Maharashtra,Ahmednagar,2019,May,0.7
Maharashtra,Ahmednagar,2019,June,82.7
Maharashtra,Ahmednagar,2019,July,146.9
Maharashtra,Ahmednagar,2019,August,79.6
Maharashtra,Ahmednagar,2019,September,214
Maharashtra,Ahmednagar,2019,October,114.9
Maharashtra,Ahmednagar,2019,November,0
Maharashtra,Ahmednagar,2019,December,0
Maharashtra,Ahmednagar,2018,January,0
Maharashtra,Ahmednagar,2018,February,0
Maharashtra,Ahmednagar,2018,March,0
Maharashtra,Ahmednagar,2018,April,0
Maharashtra,Ahmednagar,2018,May,8.1
Maharashtra,Ahmednagar,2018,June,166.1
Maharashtra,Ahmednagar,2018,July,124.3
Maharashtra,Ahmednagar,2018,August,176.2
Maharashtra,Ahmednagar,2018,September,225.9
Maharashtra,Ahmednagar,2018,October,71.2
Maharashtra,Ahmednagar,2018,November,0
Maharashtra,Ahmednagar,2018,December,0
Maharashtra,Ahmednagar,2017,January,0
Maharashtra,Ahmednagar,2017,February,0
Maharashtra,Ahmednagar,2017,March,0
Maharashtra,Ahmednagar,2017,April,0
Maharashtra,Ahmednagar,2017,May,0
Maharashtra,Ahmednagar,2017,June,205.2
Maharashtra,Ahmednagar,2017,July,101.8
Maharashtra,Ahmednagar,2017,August,126.4
Maharashtra,Ahmednagar,2017,September,157.8
Maharashtra,Ahmednagar,2017,October,0
Maharashtra,Ahmednagar,2017,November,0
Maharashtra,Ahmednagar,2017,December,0
Maharashtra,Ahmednagar,2014,January,0
Maharashtra,Ahmednagar,2014,February,0
Maharashtra,Ahmednagar,2014,March,51.9
Maharashtra,Ahmednagar,2014,April,4.5
Maharashtra,Ahmednagar,2014,May,0
Maharashtra,Ahmednagar,2014,June,37.7
Maharashtra,Ahmednagar,2014,July,65.2
Maharashtra,Ahmednagar,2014,August,108.4
Maharashtra,Ahmednagar,2014,September,327.3
Maharashtra,Ahmednagar,2014,October,53
Maharashtra,Ahmednagar,2014,November,0.9
Maharashtra,Ahmednagar,2014,December,0
Maharashtra,Ahmednagar,2015,January,0
Maharashtra,Ahmednagar,2015,February,0
Maharashtra,Ahmednagar,2015,March,0
Maharashtra,Ahmednagar,2015,April,0
Maharashtra,Ahmednagar,2015,May,0
Maharashtra,Ahmednagar,2015,June,75.6
Maharashtra,Ahmednagar,2015,July,122
Maharashtra,Ahmednagar,2015,August,127.3
Maharashtra,Ahmednagar,2015,September,123
Maharashtra,Ahmednagar,2015,October,73.4
Maharashtra,Ahmednagar,2015,November,127.6
Maharashtra,Ahmednagar,2015,December,2.9
Maharashtra,Ahmednagar,2016,January,0
Maharashtra,Ahmednagar,2016,February,0
Maharashtra,Ahmednagar,2016,March,0
Maharashtra,Ahmednagar,2016,April,0
Maharashtra,Ahmednagar,2016,May,2.5
Maharashtra,Ahmednagar,2016,June,173.7
Maharashtra,Ahmednagar,2016,July,165
Maharashtra,Ahmednagar,2016,August,196.4
Maharashtra,Ahmednagar,2016,September,171.2
Maharashtra,Ahmednagar,2016,October,60.6
Maharashtra,Ahmednagar,2016,November,74.7
Maharashtra,Ahmednagar,2016,December,0
